0;0;0;0;land;true;unknown;0
1;128;34;64;land;true;plains;1
2;0;36;128;land;true;forest;1
3;128;38;192;land;true;forest;1
4;0;40;255;land;false;plains;1
5;128;42;0;land;false;plains;1
6;0;44;64;land;true;mountain;1
7;129;46;128;land;false;plains;1
8;1;48;192;land;false;plains;1
9;129;50;255;land;true;plains;1
10;1;52;0;land;false;plains;1
11;129;54;64;land;true;plains;1
12;1;56;128;land;true;mountain;1
13;129;58;192;land;true;plains;1
14;2;60;255;land;true;mountain;1
15;130;62;0;land;true;plains;1
16;2;64;64;land;true;plains;1
17;130;66;128;land;true;plains;1
18;2;68;192;land;false;plains;1
19;130;70;255;land;true;plains;1
20;2;72;0;land;true;mountain;1
21;131;74;64;land;true;plains;1
22;3;76;128;land;false;mountain;1
23;131;78;192;land;true;hills;1
24;3;80;255;land;true;hills;1
25;131;82;0;land;true;plains;1
26;3;84;64;land;true;plains;1
27;131;86;128;land;true;plains;1
28;4;88;192;land;true;plains;1
29;132;90;255;land;false;plains;1
30;4;92;0;land;true;plains;1
31;132;94;64;land;false;plains;1
32;4;96;128;land;false;plains;1
33;132;98;192;land;true;plains;1
34;4;100;255;land;true;forest;1
35;133;102;0;land;true;plains;1
36;5;104;64;land;true;plains;1
37;133;106;128;land;true;forest;1
38;5;108;192;land;true;forest;1
39;133;110;255;land;true;plains;1
40;5;112;0;land;true;forest;1
41;133;114;64;land;true;forest;1
42;6;116;128;land;false;plains;1
43;134;118;192;land;true;mountain;1
44;6;120;255;land;true;mountain;1
45;134;122;0;land;true;mountain;1
46;6;124;64;land;true;forest;1
47;134;126;128;land;true;forest;1
48;6;128;192;land;true;forest;1
49;135;130;255;land;false;forest;1
50;7;132;0;land;false;forest;1
51;135;134;64;land;false;forest;1
52;7;136;128;land;false;forest;1
53;135;138;192;land;false;forest;1
54;7;140;255;land;true;plains;1
55;135;142;0;land;true;plains;1
56;8;144;64;land;false;forest;1
57;136;146;128;land;false;forest;1
58;8;148;192;land;false;forest;1
59;136;150;255;land;false;forest;1
60;8;152;0;land;false;forest;1
61;136;154;64;land;false;forest;1
62;8;156;128;land;false;forest;1
63;137;158;192;land;false;forest;1
64;9;32;255;land;false;mountain;1
65;137;34;0;land;false;mountain;1
66;9;36;64;land;false;forest;1
67;137;38;128;land;false;mountain;1
68;9;40;192;land;false;mountain;1
69;137;42;255;land;false;forest;1
70;10;44;0;land;false;mountain;1
71;138;46;64;land;false;plains;1
72;10;48;128;land;false;forest;1
73;138;50;192;land;false;plains;1
74;10;52;255;land;false;plains;1
75;138;54;0;land;false;plains;1
76;10;56;64;land;false;plains;1
77;139;58;128;land;false;mountain;1
78;11;60;192;land;false;mountain;1
79;139;62;255;land;false;plains;1
80;11;64;0;land;false;forest;1
81;139;66;64;land;false;forest;1
82;11;68;128;land;false;forest;1
83;139;70;192;land;false;forest;1
84;12;72;255;land;false;forest;1
85;140;74;0;land;false;forest;1
86;12;76;64;land;false;forest;1
87;140;78;128;land;true;plains;1
88;12;80;192;land;false;mountain;1
89;140;82;255;land;true;plains;1
90;12;84;0;land;true;mountain;1
91;141;86;64;land;false;plains;1
92;13;88;128;land;false;mountain;1
93;141;90;192;land;false;forest;1
94;13;92;255;land;false;forest;1
95;141;94;0;land;false;forest;1
96;13;96;64;land;true;marsh;1
97;141;98;128;land;true;mountain;1
98;14;100;192;land;true;mountain;1
99;142;102;255;land;true;forest;1
100;14;104;0;land;true;mountain;1
101;142;106;64;land;true;hills;1
102;14;108;128;land;true;hills;1
103;85;80;32;land;false;plains;1
104;14;112;255;land;false;mountain;1
105;143;114;0;land;false;hills;1
106;15;116;64;land;false;hills;1
107;143;118;128;land;false;hills;1
108;15;120;192;land;false;mountain;1
109;143;122;255;land;false;mountain;1
110;15;124;0;land;false;plains;1
111;143;126;64;land;true;hills;1
112;16;128;128;land;true;plains;1
113;144;130;192;land;true;mountain;1
114;16;132;255;land;true;plains;1
115;144;134;0;land;true;mountain;1
116;16;136;64;land;false;hills;1
117;144;138;128;land;true;mountain;1
118;16;140;192;land;true;mountain;1
119;145;142;255;land;true;hills;1
120;17;144;0;land;true;mountain;1
121;145;146;64;land;true;mountain;1
122;17;148;128;land;true;plains;1
123;145;150;192;land;true;hills;1
124;17;152;255;land;true;mountain;1
125;145;154;0;land;true;mountain;1
126;18;156;64;land;true;plains;1
127;146;158;128;land;true;hills;1
128;18;32;192;land;false;forest;1
129;146;34;255;land;false;forest;1
130;18;36;0;land;true;forest;1
131;146;38;64;land;false;plains;1
132;18;40;128;land;false;plains;1
133;147;42;192;land;false;plains;1
134;19;44;255;land;false;mountain;1
135;147;46;0;land;false;plains;1
136;19;48;64;land;true;plains;1
137;147;50;128;land;true;hills;1
138;19;52;192;land;false;mountain;1
139;147;54;255;land;false;mountain;1
140;20;56;0;land;false;hills;1
141;148;58;64;land;false;forest;1
142;20;60;128;land;true;plains;1
143;148;62;192;land;true;mountain;1
144;20;64;255;land;true;mountain;1
145;148;66;0;land;true;hills;1
146;20;68;64;land;true;mountain;1
147;149;70;128;land;true;plains;1
148;21;72;192;land;true;mountain;1
149;149;74;255;land;false;plains;1
150;21;76;0;land;false;mountain;1
151;149;78;64;land;true;mountain;1
152;21;80;128;land;false;mountain;1
153;149;82;192;land;false;mountain;1
154;22;84;255;land;false;hills;1
155;150;86;0;land;false;plains;1
156;22;88;64;land;false;hills;1
157;150;90;128;land;false;plains;1
158;22;92;192;land;false;mountain;1
159;150;94;255;land;true;plains;1
160;22;96;0;land;false;mountain;1
161;151;98;64;land;false;mountain;1
162;23;100;128;land;false;hills;1
163;151;102;192;land;true;hills;1
164;23;104;255;land;true;plains;1
165;151;106;0;land;false;plains;1
166;23;108;64;land;false;plains;1
167;151;110;128;land;true;mountain;1
168;24;112;192;land;true;plains;1
169;152;114;255;land;true;mountain;1
170;24;116;0;land;true;plains;1
171;152;118;64;land;true;plains;1
172;24;120;128;land;true;mountain;1
173;152;122;192;land;true;forest;1
174;24;124;255;land;true;forest;1
175;153;126;0;land;false;forest;1
176;25;128;64;land;false;hills;1
177;153;130;128;land;false;mountain;1
178;25;132;192;land;false;forest;1
179;153;134;255;land;false;plains;1
180;25;136;0;land;false;mountain;1
181;153;138;64;land;false;forest;1
182;26;140;128;land;false;mountain;1
183;154;142;192;land;false;mountain;1
184;26;144;255;land;false;forest;1
185;147;222;218;land;false;plains;1
186;26;148;64;land;false;mountain;1
187;154;150;128;land;false;forest;1
188;26;152;192;land;false;forest;1
189;155;154;255;land;false;forest;1
190;27;156;0;land;false;forest;1
191;155;158;64;land;false;mountain;1
192;27;32;128;land;false;mountain;1
193;155;34;192;land;false;hills;1
194;27;36;255;land;false;forest;1
195;155;38;0;land;false;forest;1
196;28;40;64;land;false;hills;1
197;156;42;128;land;true;plains;1
198;28;44;192;land;false;hills;1
199;156;46;255;land;false;mountain;1
200;28;248;0;land;true;mountain;1
201;156;50;64;land;true;hills;1
202;28;52;128;land;false;plains;1
203;157;54;192;land;false;hills;1
204;29;56;255;land;false;mountain;1
205;157;58;0;land;false;plains;1
206;29;60;64;land;true;forest;1
207;157;62;128;land;true;plains;1
208;29;64;192;land;false;plains;1
209;157;66;255;land;true;plains;1
210;30;68;0;land;false;mountain;1
211;158;70;64;land;false;plains;1
212;30;72;128;land;true;plains;1
213;158;74;192;land;true;plains;1
214;30;76;255;land;false;desert;1
215;158;78;0;land;false;plains;1
216;30;80;64;land;false;hills;1
217;159;82;128;land;false;plains;1
218;31;84;192;land;false;plains;1
219;159;86;255;land;false;plains;1
220;31;88;0;land;true;desert;1
221;159;90;64;land;true;desert;1
222;31;92;128;land;true;mountain;1
223;159;94;192;land;true;mountain;1
224;32;96;255;land;true;desert;1
225;160;98;0;land;false;desert;1
226;32;100;64;land;true;plains;1
227;160;102;128;land;true;plains;1
228;32;104;192;land;false;hills;1
229;160;106;255;land;true;plains;1
230;32;108;0;land;true;plains;1
231;161;110;64;land;true;plains;1
232;33;112;128;land;false;hills;1
233;166;203;93;land;true;plains;1
234;33;116;255;land;true;mountain;1
235;161;118;0;land;true;mountain;1
236;33;120;64;land;true;mountain;1
237;161;122;128;land;false;plains;1
238;34;124;192;land;true;mountain;1
239;162;126;255;land;true;forest;1
240;34;128;0;land;false;forest;1
241;162;130;64;land;true;plains;1
242;34;132;128;land;true;hills;1
243;162;134;192;land;true;mountain;1
244;34;136;255;land;true;forest;1
245;163;138;0;land;false;mountain;1
246;35;140;64;land;true;plains;1
247;163;142;128;land;true;forest;1
248;35;144;192;land;true;mountain;1
249;163;146;255;land;true;plains;1
250;35;148;0;land;false;hills;1
251;163;150;64;land;true;hills;1
252;36;152;128;land;true;hills;1
253;164;154;192;land;true;plains;1
254;36;156;255;land;false;mountain;1
255;164;158;0;land;false;mountain;1
256;36;32;64;land;false;forest;1
257;164;34;128;land;false;mountain;1
258;36;36;192;land;false;mountain;1
259;165;38;255;land;false;mountain;1
260;37;40;0;land;false;mountain;1
261;165;42;64;land;false;forest;1
262;37;44;128;land;false;mountain;1
263;165;46;192;land;false;hills;1
264;37;48;255;land;false;mountain;1
265;165;50;0;land;false;plains;1
266;38;52;64;land;false;mountain;1
267;166;54;128;land;false;mountain;1
268;38;56;192;land;false;mountain;1
269;166;58;255;land;false;forest;1
270;38;60;0;land;false;plains;1
271;166;62;64;land;false;forest;1
272;38;64;128;land;false;forest;1
273;167;66;192;land;false;forest;1
274;39;68;255;land;false;forest;1
275;167;70;0;land;false;forest;1
276;39;72;64;land;false;forest;1
277;167;74;128;land;false;marsh;1
278;39;76;192;land;false;plains;1
279;167;78;255;land;false;mountain;1
280;40;80;0;land;false;mountain;1
281;168;82;64;land;false;plains;1
282;40;84;128;land;true;plains;1
283;168;86;192;land;false;plains;1
284;40;88;255;land;true;plains;1
285;168;90;0;land;true;plains;1
286;40;92;64;land;true;plains;1
287;169;94;128;land;true;plains;1
288;41;96;192;land;false;plains;1
289;169;98;255;land;false;mountain;1
290;41;100;0;land;false;mountain;1
291;169;102;64;land;false;plains;1
292;41;104;128;land;false;plains;1
293;169;106;192;land;false;plains;1
294;42;108;255;land;false;plains;1
295;170;110;0;land;false;plains;1
296;42;112;64;land;false;forest;1
297;74;227;77;land;false;forest;1
298;42;116;192;land;false;forest;1
299;170;118;255;land;false;plains;1
300;42;120;0;land;false;plains;1
301;171;122;64;land;false;plains;1
302;43;124;128;land;false;plains;1
303;43;128;255;land;false;plains;1
304;171;134;128;land;false;forest;1
305;44;136;192;land;false;plains;1
306;172;138;255;land;false;plains;1
307;44;140;0;land;false;forest;1
308;172;142;64;land;false;forest;1
309;44;144;128;land;false;plains;1
310;72;0;240;land;true;plains;1
311;44;148;255;land;false;plains;1
312;45;152;64;land;true;forest;1
313;173;154;128;land;true;forest;1
314;45;156;192;land;true;plains;1
315;173;158;255;land;true;hills;1
316;45;32;0;land;true;plains;1
317;173;34;64;land;true;hills;1
318;46;36;128;land;false;desert;1
319;174;38;192;land;false;hills;1
320;46;40;255;land;false;hills;1
321;174;42;0;land;true;hills;1
322;46;44;64;land;false;hills;1
323;174;46;128;land;true;desert;1
324;46;48;192;land;true;plains;1
325;175;50;255;land;false;hills;1
326;47;52;0;land;true;mountain;1
327;175;54;64;land;false;mountain;1
328;47;56;128;land;false;hills;1
329;175;58;192;land;true;plains;1
330;47;60;255;land;true;desert;1
331;175;62;0;land;true;hills;1
332;48;244;64;land;false;hills;1
333;176;66;128;land;true;desert;1
334;48;68;192;land;true;desert;1
335;176;70;255;land;true;hills;1
336;48;72;0;land;false;hills;1
337;176;74;64;land;true;desert;1
338;48;76;128;land;true;desert;1
339;177;78;192;land;false;plains;1
340;49;80;255;land;false;plains;1
341;177;82;0;land;true;desert;1
342;49;84;64;land;false;hills;1
343;177;86;128;land;true;plains;1
344;49;88;192;land;false;hills;1
345;177;90;255;land;false;hills;1
346;50;92;0;land;false;desert;1
347;178;94;64;land;false;hills;1
348;50;96;128;land;false;plains;1
349;178;98;192;land;true;plains;1
350;50;100;255;land;true;plains;1
351;178;102;0;land;true;desert;1
352;50;104;64;land;true;plains;1
353;179;106;128;land;true;plains;1
354;51;108;192;land;true;mountain;1
355;179;110;255;land;false;mountain;1
356;179;114;64;land;false;mountain;1
357;51;116;128;land;true;marsh;1
358;179;118;192;land;true;mountain;1
359;52;120;255;land;true;plains;1
360;180;122;0;land;true;hills;1
361;52;124;64;land;true;plains;1
362;180;126;128;land;true;plains;1
363;52;128;192;land;true;plains;1
364;180;130;255;land;true;plains;1
365;52;132;0;land;true;hills;1
366;181;134;64;land;true;hills;1
367;53;136;128;land;true;forest;1
368;181;138;192;land;true;plains;1
369;53;140;255;land;true;forest;1
370;181;142;0;land;true;forest;1
371;53;144;64;land;true;forest;1
372;181;146;128;land;false;desert;1
373;54;148;192;land;true;hills;1
374;182;150;255;land;false;desert;1
375;54;152;0;land;false;mountain;1
376;182;154;64;land;false;desert;1
377;54;156;128;land;false;desert;1
378;182;158;192;land;false;mountain;1
379;184;50;192;land;false;plains;1
380;185;74;0;land;false;plains;1
381;58;76;64;land;false;desert;1
382;186;78;128;land;false;desert;1
383;186;86;64;land;false;desert;1
384;59;100;192;land;false;hills;1
385;60;108;128;land;false;mountain;1
386;66;60;128;land;true;marsh;1
387;194;62;192;land;false;plains;1
388;194;70;128;land;false;plains;1
389;66;72;192;land;false;plains;1
390;196;98;64;land;true;plains;1
391;68;100;128;land;true;plains;1
392;197;102;192;land;true;plains;1
393;69;104;255;land;true;plains;1
394;197;106;0;land;true;plains;1
395;69;108;64;land;true;jungle;1
396;197;110;128;land;true;plains;1
397;69;112;192;land;true;hills;1
398;197;114;255;land;true;hills;1
399;70;116;0;land;true;jungle;1
400;70;120;128;land;true;plains;1
401;198;122;192;land;true;plains;1
402;70;124;255;land;true;plains;1
403;198;126;0;land;true;plains;1
404;70;128;64;land;true;plains;1
405;199;130;128;land;true;plains;1
406;71;132;192;land;true;plains;1
407;237;158;128;land;false;forest;1
408;110;36;0;land;false;forest;1
409;238;38;64;land;false;forest;1
410;0;40;32;land;true;jungle;1
411;0;44;126;land;true;jungle;1
412;13;88;32;land;true;plains;1
413;141;90;79;land;true;marsh;1
414;13;92;126;land;true;marsh;1
415;141;94;173;land;true;plains;1
416;14;100;126;land;true;plains;1
417;142;102;173;land;false;forest;1
418;142;106;79;land;false;hills;1
419;14;108;126;land;false;mountain;1
420;142;110;173;land;false;forest;1
421;14;112;32;land;true;plains;1
422;143;118;173;land;false;forest;1
423;15;124;126;land;false;forest;1
424;16;128;32;land;false;forest;1
425;144;130;79;land;false;forest;1
426;16;132;126;land;false;forest;1
427;144;134;173;land;false;hills;1
428;16;136;32;land;true;marsh;1
429;144;138;79;land;false;hills;1
430;16;140;126;land;true;plains;1
431;145;142;173;land;true;plains;1
432;17;144;32;land;false;forest;1
433;145;146;79;land;false;forest;1
434;17;148;126;land;false;forest;1
435;145;150;173;land;true;plains;1
436;17;152;32;land;false;forest;1
437;145;154;79;land;false;hills;1
438;18;156;126;land;false;plains;1
439;146;158;173;land;false;hills;1
440;18;32;32;land;true;plains;1
441;146;34;79;land;false;forest;1
442;18;36;126;land;false;hills;1
443;146;38;173;land;true;forest;1
444;18;40;32;land;false;hills;1
445;147;42;79;land;true;forest;1
446;19;44;126;land;true;forest;1
447;147;46;173;land;false;hills;1
448;19;48;32;land;true;forest;1
449;147;50;79;land;true;forest;1
450;20;68;126;land;true;plains;1
451;149;70;173;land;true;hills;1
452;21;72;32;land;true;plains;1
453;149;74;79;land;true;plains;1
454;21;76;126;land;true;forest;1
455;149;78;173;land;true;forest;1
456;21;80;32;land;true;hills;1
457;149;82;79;land;false;forest;1
458;22;84;126;land;false;forest;1
459;150;86;173;land;false;forest;1
460;22;88;32;land;false;plains;1
461;150;90;79;land;false;plains;1
462;22;92;126;land;false;hills;1
463;150;94;173;land;false;plains;1
464;22;96;32;land;true;hills;1
465;151;98;79;land;true;hills;1
466;23;100;126;land;true;plains;1
467;151;102;173;land;true;plains;1
468;23;104;32;land;true;plains;1
469;151;106;79;land;true;marsh;1
470;23;108;126;land;true;marsh;1
471;151;110;173;land;false;plains;1
472;24;112;32;land;false;plains;1
473;152;114;79;land;true;marsh;1
474;24;116;126;land;true;marsh;1
475;38;60;126;land;true;plains;1
476;166;62;173;land;true;plains;1
477;39;72;32;land;true;desert;1
478;169;106;79;land;false;plains;1
479;187;90;79;land;true;hills;1
480;1;200;200;lake;false;lakes;1
481;2;200;250;lake;false;lakes;1
482;3;220;250;sea;false;ocean;1
483;4;250;250;sea;false;ocean;1
484;5;200;200;sea;false;ocean;1
485;6;200;250;sea;false;ocean;1
486;7;220;250;sea;false;ocean;1
487;8;250;250;sea;false;ocean;1
488;9;200;200;sea;false;ocean;1
489;10;200;250;sea;false;ocean;1
490;11;220;250;lake;false;lakes;1
491;12;250;250;lake;false;lakes;1
492;13;200;200;lake;false;lakes;1
493;16;250;250;sea;false;ocean;1
494;17;200;200;sea;false;ocean;1
495;18;200;250;sea;false;ocean;1
496;19;220;250;sea;false;ocean;1
497;20;250;250;sea;true;ocean;1
498;21;200;200;sea;false;ocean;1
499;22;200;250;sea;false;ocean;1
500;23;220;250;sea;false;ocean;1
501;25;200;200;sea;false;ocean;1
502;26;200;250;sea;false;ocean;1
503;27;220;250;sea;false;ocean;1
504;28;250;250;sea;false;ocean;1
505;29;200;200;sea;false;ocean;1
506;30;200;250;sea;false;ocean;1
507;31;220;250;sea;false;ocean;1
508;32;250;250;sea;false;ocean;1
509;33;200;200;sea;false;ocean;1
510;34;200;250;sea;false;ocean;1
511;35;220;250;sea;false;ocean;1
512;36;250;250;sea;false;ocean;1
513;37;200;200;sea;true;ocean;1
514;38;200;250;sea;false;ocean;1
515;39;220;250;sea;false;ocean;1
516;40;250;250;sea;false;ocean;1
517;41;200;200;sea;false;ocean;1
518;42;200;250;sea;false;ocean;1
519;43;220;250;sea;false;ocean;1
520;44;250;250;sea;false;ocean;1
521;45;200;200;sea;false;ocean;1
522;46;200;250;sea;false;ocean;1
523;47;220;250;sea;false;ocean;1
524;48;250;250;sea;false;ocean;1
525;49;200;200;sea;false;ocean;1
526;50;200;250;sea;false;ocean;1
527;51;220;250;sea;false;ocean;1
528;52;250;250;sea;false;ocean;1
529;53;200;200;sea;false;ocean;1
530;54;200;250;sea;false;ocean;1
531;55;220;250;sea;false;ocean;1
532;56;250;250;sea;false;ocean;1
533;58;200;250;sea;false;ocean;1
534;59;220;250;sea;false;ocean;1
535;60;250;250;sea;false;ocean;1
536;61;200;200;sea;false;ocean;1
537;62;200;250;sea;false;ocean;1
538;63;220;250;sea;false;ocean;1
539;64;250;250;sea;false;ocean;1
540;65;200;200;sea;false;ocean;1
541;66;200;250;sea;false;ocean;1
542;67;220;250;sea;false;ocean;1
543;68;250;250;sea;false;ocean;1
544;209;246;4;land;false;hills;1
545;70;200;250;sea;false;ocean;1
546;71;220;250;sea;false;ocean;1
547;72;250;250;sea;false;ocean;1
548;73;200;200;sea;false;ocean;1
549;74;200;250;sea;false;ocean;1
550;75;220;250;sea;false;ocean;1
551;76;250;250;lake;false;lakes;1
552;79;220;250;sea;false;ocean;1
553;93;201;201;sea;false;ocean;1
554;94;201;251;sea;false;ocean;1
555;95;221;251;sea;false;ocean;1
556;96;251;251;sea;false;ocean;1
557;98;201;251;sea;false;ocean;1
558;99;221;251;sea;false;ocean;1
559;100;251;251;sea;false;ocean;1
560;101;201;201;sea;false;ocean;1
561;102;201;251;sea;false;ocean;1
562;103;221;251;sea;false;ocean;1
563;104;251;251;sea;false;ocean;1
564;105;201;201;sea;false;ocean;1
565;106;201;251;sea;false;ocean;1
566;109;201;201;sea;false;ocean;1
567;110;201;251;sea;false;ocean;1
568;111;221;251;sea;false;ocean;1
569;113;201;201;sea;false;ocean;1
570;114;201;251;sea;false;ocean;1
571;115;221;251;sea;false;ocean;1
572;116;251;251;sea;false;ocean;1
573;117;201;201;sea;false;ocean;1
574;118;201;251;sea;false;ocean;1
575;119;221;251;sea;false;ocean;1
576;120;251;251;sea;false;ocean;1
577;121;201;201;sea;false;ocean;1
578;122;201;251;sea;false;ocean;1
579;123;221;251;sea;false;ocean;1
580;124;251;251;sea;false;ocean;1
581;125;201;201;sea;false;ocean;1
582;126;201;251;sea;false;ocean;1
583;127;221;251;sea;false;ocean;1
584;0;252;252;sea;false;ocean;1
585;1;202;202;sea;false;ocean;1
586;7;222;252;sea;false;ocean;1
587;9;202;202;sea;false;ocean;1
588;11;222;252;sea;false;ocean;1
589;12;252;252;sea;false;ocean;1
590;13;202;202;sea;false;ocean;1
591;16;252;252;sea;false;ocean;1
592;17;202;202;sea;false;ocean;1
593;18;202;252;sea;false;ocean;1
594;19;222;252;sea;false;ocean;1
595;20;252;252;sea;false;ocean;1
596;21;202;202;sea;false;ocean;1
597;58;202;252;sea;false;ocean;1
598;59;222;252;sea;false;ocean;1
599;60;252;252;sea;false;ocean;1
600;61;202;202;sea;false;ocean;1
601;62;202;252;sea;false;ocean;1
602;63;222;252;sea;false;ocean;1
603;64;252;252;sea;false;ocean;1
604;65;202;202;sea;false;ocean;1
605;66;202;252;sea;false;ocean;1
606;67;222;252;sea;false;ocean;1
607;68;252;252;sea;false;ocean;1
608;69;202;202;sea;false;ocean;1
609;70;202;252;sea;false;ocean;1
610;71;222;252;sea;false;ocean;1
611;73;202;202;sea;false;ocean;1
612;75;222;252;sea;false;ocean;1
613;76;252;252;sea;false;ocean;1
614;77;202;202;sea;false;ocean;1
615;78;202;252;sea;false;ocean;1
616;105;202;202;sea;false;ocean;1
617;19;223;253;sea;false;ocean;1
618;25;203;203;lake;false;lakes;1
619;26;203;253;lake;false;lakes;1
620;27;223;253;lake;false;lakes;1
621;28;253;253;lake;false;lakes;1
622;66;68;126;land;false;forest;1
623;194;70;173;land;false;plains;1
624;66;72;32;land;true;mountain;1
625;195;74;79;land;true;plains;1
626;67;76;126;land;false;hills;1
627;195;78;173;land;false;plains;1
628;67;80;32;land;false;desert;1
629;195;82;79;land;true;desert;1
630;67;84;126;land;true;desert;1
631;195;86;173;land;true;hills;1
632;68;88;32;land;false;forest;1
633;196;90;79;land;false;forest;1
634;68;92;126;land;false;forest;1
635;196;94;173;land;false;plains;1
636;68;96;32;land;true;plains;1
637;196;98;79;land;false;plains;1
638;68;100;126;land;false;forest;1
639;197;102;173;land;false;forest;1
640;69;104;32;land;false;forest;1
641;197;106;79;land;false;forest;1
642;69;108;126;land;false;forest;1
643;197;110;173;land;false;forest;1
644;69;112;32;land;true;plains;1
645;197;114;79;land;false;forest;1
646;70;116;126;land;false;hills;1
647;198;118;173;land;false;mountain;1
648;70;120;32;land;false;plains;1
649;198;122;79;land;false;forest;1
650;70;124;126;land;false;hills;1
651;198;126;173;land;false;plains;1
652;70;128;32;land;false;mountain;1
653;199;130;79;land;true;hills;1
654;71;132;126;land;true;hills;1
655;199;134;173;land;true;plains;1
656;71;136;32;land;true;plains;1
657;71;140;126;land;false;plains;1
658;74;48;32;land;false;plains;1
659;202;50;79;land;false;plains;1
660;203;66;79;land;true;plains;1
661;75;68;126;land;false;plains;1
662;206;110;173;land;true;forest;1
663;78;112;32;land;false;hills;1
664;207;114;79;land;false;hills;1
665;79;120;32;land;false;mountain;1
666;207;126;173;land;false;forest;1
667;80;140;126;land;false;mountain;1
668;209;142;173;land;true;plains;1
669;209;150;173;land;false;hills;1
670;209;154;79;land;false;hills;1
671;82;156;126;land;false;desert;1
672;82;32;32;land;true;forest;1
673;82;36;126;land;false;mountain;1
674;210;38;173;land;true;desert;1
675;82;40;32;land;true;desert;1
676;211;42;79;land;true;hills;1
677;83;44;126;land;false;forest;1
678;211;46;173;land;true;plains;1
679;83;48;32;land;false;plains;1
680;211;50;79;land;true;marsh;1
681;83;52;126;land;false;plains;1
682;211;54;173;land;false;mountain;1
683;84;56;32;land;false;forest;1
684;212;58;79;land;false;plains;1
685;84;60;126;land;true;mountain;1
686;212;62;173;land;false;forest;1
687;84;64;32;land;false;plains;1
688;212;66;79;land;false;mountain;1
689;84;68;126;land;false;plains;1
690;213;70;173;land;false;plains;1
691;85;72;32;land;false;plains;1
692;86;84;126;land;false;plains;1
693;85;76;126;land;false;plains;1
694;213;78;173;land;true;mountain;1
695;142;110;192;land;false;plains;1
696;213;82;79;land;false;mountain;1
697;86;92;126;land;false;mountain;1
698;214;86;173;land;false;forest;1
699;86;88;32;land;false;mountain;1
700;214;90;79;land;false;forest;1
701;213;74;79;land;true;plains;1
702;214;94;173;land;true;hills;1
703;0;0;232;lake;false;lakes;1
704;1;0;236;lake;false;lakes;1
705;2;0;240;lake;false;lakes;1
706;3;0;244;lake;false;lakes;1
707;4;0;248;lake;false;lakes;1
708;6;0;236;lake;false;lakes;1
709;7;0;240;lake;false;lakes;1
710;8;0;244;lake;false;lakes;1
711;9;0;248;lake;false;lakes;1
712;20;0;232;lake;false;lakes;1
713;21;0;236;lake;false;lakes;1
714;22;0;240;lake;false;lakes;1
715;23;0;244;lake;false;lakes;1
716;24;0;248;lake;false;lakes;1
717;25;0;232;lake;false;lakes;1
718;26;0;236;lake;false;lakes;1
719;27;0;240;lake;false;lakes;1
720;62;206;252;sea;false;ocean;1
721;62;230;252;sea;false;ocean;1
722;62;218;252;sea;false;ocean;1
723;62;234;252;sea;false;ocean;1
724;62;210;252;sea;false;ocean;1
725;237;154;79;land;true;plains;1
726;130;60;50;land;true;plains;1
727;49;150;248;sea;false;ocean;1
728;50;0;232;land;true;plains;1
729;251;0;36;land;true;hills;1
730;52;0;240;land;true;plains;1
731;55;0;0;land;false;plains;1
732;65;0;250;land;false;forest;1
733;75;0;25;land;false;forest;1
734;85;0;225;land;false;plains;1
735;95;0;50;land;false;plains;1
736;105;0;200;land;false;plains;1
737;110;0;75;land;false;plains;1
738;115;0;175;land;false;plains;1
739;120;0;100;land;false;plains;1
740;125;0;150;land;false;forest;1
741;68;0;244;land;false;hills;1
742;69;0;248;land;false;mountain;1
743;70;0;232;land;false;plains;1
744;71;0;236;land;false;mountain;1
745;172;146;192;land;true;plains;1
746;73;0;244;land;false;forest;1
747;74;0;248;land;false;forest;1
748;75;0;232;land;false;plains;1
749;76;0;236;land;false;forest;1
750;77;0;240;land;false;forest;1
751;78;0;244;land;false;plains;1
752;88;112;32;land;false;plains;1
753;215;110;173;land;true;plains;1
754;105;225;255;sea;false;ocean;1
755;93;0;244;lake;false;lakes;1
756;94;0;248;lake;false;lakes;1
757;95;0;232;land;true;plains;1
758;96;0;236;land;true;plains;1
759;98;0;244;land;true;plains;1
760;99;0;248;land;true;forest;1
761;100;0;232;land;true;plains;1
762;101;0;236;land;true;plains;1
763;102;240;0;land;false;forest;1
764;55;1;80;land;true;forest;1
765;155;2;120;land;false;hills;1
766;105;3;160;land;false;hills;1
767;75;4;40;land;true;forest;1
768;55;14;120;land;false;hills;1
769;255;18;160;land;true;plains;1
770;255;19;40;land;true;plains;1
771;255;25;0;land;false;plains;1
772;255;224;200;land;false;plains;1
773;209;68;153;land;true;plains;1
774;245;152;169;land;true;desert;1
775;255;230;147;land;true;hills;1
776;226;231;102;land;true;hills;1
777;198;68;153;land;false;desert;1
778;0;155;175;land;false;hills;1
779;187;186;222;land;true;desert;1
780;167;163;54;land;false;hills;1
781;157;36;128;land;true;forest;1
782;89;153;66;land;false;mountain;1
783;184;183;51;land;false;mountain;1
784;0;153;75;land;false;desert;1
785;132;41;144;land;false;desert;1
786;250;19;41;land;false;mountain;1
787;181;181;52;land;true;hills;1
788;49;11;71;land;false;desert;1
789;139;22;59;land;true;desert;1
790;4;24;61;land;false;mountain;1
791;149;201;61;land;false;desert;1
792;157;215;209;land;false;plains;1
793;206;231;202;land;false;desert;1
794;62;48;146;land;true;desert;1
795;245;244;179;land;true;plains;1
796;178;31;114;land;true;plains;1
797;154;216;222;land;false;mountain;1
798;0;120;91;land;false;plains;1
799;225;224;174;land;false;plains;1
800;108;157;64;land;true;plains;1
801;54;91;72;land;false;plains;1
802;151;78;142;land;true;plains;1
803;89;70;120;land;false;mountain;1
804;211;223;69;land;false;plains;1
805;202;43;139;land;false;plains;1
806;153;230;204;land;true;plains;1
807;179;204;153;land;false;plains;1
808;122;143;170;land;true;plains;1
809;70;70;122;land;false;plains;1
810;116;74;122;land;false;plains;1
811;60;44;114;land;false;plains;1
812;66;75;120;land;false;plains;1
813;151;186;110;land;false;forest;1
814;89;61;78;land;false;plains;1
815;228;43;43;land;true;plains;1
816;144;31;145;land;false;plains;1
817;81;144;95;land;false;plains;1
818;207;131;46;land;false;plains;1
819;39;31;246;land;true;plains;1
820;165;31;196;land;true;plains;1
821;102;12;145;land;true;desert;1
822;228;231;95;land;false;hills;1
823;60;161;46;land;true;desert;1
824;186;131;246;land;false;plains;1
825;123;51;196;land;false;plains;1
826;249;249;145;land;false;hills;1
827;21;1;95;land;false;hills;1
828;147;151;46;land;false;plains;1
829;84;131;246;land;true;desert;1
830;210;11;196;land;false;hills;1
831;42;12;145;land;false;hills;1
832;168;151;95;land;false;hills;1
833;105;109;46;land;false;hills;1
834;231;15;246;land;false;desert;1
835;63;119;196;land;false;plains;1
836;189;221;145;land;false;plains;1
837;126;1;95;land;true;desert;1
838;252;31;46;land;true;plains;1
839;1;246;246;lake;false;lakes;1
840;252;131;46;land;false;plains;1
841;189;121;145;land;true;desert;1
842;178;3;95;land;false;forest;1
843;139;11;145;land;false;forest;1
844;76;1;95;land;false;forest;1
845;118;131;196;land;true;marsh;1
846;244;231;145;land;true;plains;1
847;16;19;95;land;true;marsh;1
848;142;31;46;land;false;marsh;1
849;79;131;246;land;false;plains;1
850;205;1;196;land;true;plains;1
851;37;6;145;land;false;forest;1
852;163;191;95;land;false;forest;1
853;100;3;46;land;true;plains;1
854;226;41;246;land;true;plains;1
855;58;1;196;land;false;forest;1
856;184;31;145;land;false;forest;1
857;121;161;95;land;true;plains;1
858;247;131;46;land;true;plains;1
859;19;131;246;land;false;hills;1
860;145;255;196;land;false;forest;1
861;82;31;145;land;true;plains;1
862;208;199;95;land;false;forest;1
863;40;61;46;land;false;hills;1
864;166;31;246;land;false;hills;1
865;103;21;196;land;true;plains;1
866;229;31;145;land;false;hills;1
867;61;31;95;land;false;hills;1
868;187;222;46;land;false;hills;1
869;124;131;246;land;false;hills;1
870;250;141;196;land;false;hills;1
871;2;131;145;land;true;forest;1
872;128;181;95;land;true;plains;1
873;65;133;46;land;false;hills;1
874;191;123;246;land;false;hills;1
875;23;31;196;land;false;mountain;1
876;149;122;145;land;false;hills;1
877;86;141;95;land;true;forest;1
878;212;215;46;land;false;hills;1
879;44;131;246;land;true;forest;1
880;170;31;196;land;true;forest;1
881;107;31;145;land;true;forest;1
882;233;111;95;land;false;hills;1
883;5;202;46;land;true;plains;1
884;131;101;246;land;true;plains;1
885;68;1;196;land;true;plains;1
886;194;214;145;land;true;plains;1
887;26;3;95;land;true;plains;1
888;152;1;46;land;true;hills;1
889;89;121;246;land;true;plains;1
890;215;2;196;land;false;hills;1
891;47;1;145;land;false;hills;1
892;173;199;95;land;false;plains;1
893;110;1;46;land;true;plains;1
894;236;51;246;land;true;plains;1
895;8;121;196;land;false;forest;1
896;134;31;145;land;false;forest;1
897;71;194;95;land;false;forest;1
898;197;197;46;land;false;forest;1
899;29;41;246;land;false;plains;1
900;155;31;196;land;false;plains;1
901;92;45;145;land;false;plains;1
902;230;31;196;land;true;forest;1
903;45;131;46;land;true;jungle;1
904;171;31;246;land;true;jungle;1
905;108;31;196;land;true;plains;1
906;6;15;95;land;true;hills;1
907;132;16;46;land;true;jungle;1
908;111;61;95;land;false;forest;1
909;237;231;46;land;false;plains;1
910;213;38;84;land;false;plains;1
911;37;208;234;land;false;forest;1
912;234;227;107;land;false;forest;1
913;68;230;179;land;false;plains;1
914;3;196;128;land;true;hills;1
915;188;67;67;land;true;mountain;1
916;231;35;179;land;false;desert;1
917;68;8;179;land;false;hills;1
918;236;222;116;lake;false;lakes;1
919;29;59;159;land;true;plains;1
920;107;121;191;land;false;mountain;1
921;224;134;54;land;false;hills;1
922;70;224;54;land;false;mountain;1
923;239;33;81;land;false;plains;1
924;255;133;59;land;false;plains;1
925;61;201;123;land;false;hills;1
926;241;249;20;land;false;plains;1
927;208;213;71;land;false;plains;1
928;85;232;161;land;false;forest;1
929;75;169;217;land;false;forest;1
930;52;253;37;land;false;hills;1
931;243;1;69;land;false;plains;1
932;32;251;212;land;false;plains;1
933;88;163;215;land;false;hills;1
934;121;225;101;land;false;forest;1
935;255;239;163;land;false;hills;1
936;231;154;5;land;false;forest;1
937;249;240;1;land;false;forest;1
938;255;162;53;land;false;forest;1
939;248;19;19;land;false;forest;1
940;42;231;108;land;false;forest;1
941;205;23;23;land;false;hills;1
942;248;231;136;land;true;hills;1
943;99;204;234;land;false;hills;1
944;192;219;10;land;false;mountain;1
945;241;15;15;land;true;mountain;1
946;222;108;69;land;false;mountain;1
947;227;135;53;land;true;plains;1
948;150;159;47;land;true;hills;1
949;206;227;169;land;true;hills;1
950;223;236;73;land;true;plains;1
951;55;246;23;land;true;hills;1
952;220;251;47;land;false;plains;1
953;232;11;11;land;true;plains;1
954;200;58;78;land;false;hills;1
955;181;150;96;land;false;plains;1
956;243;21;172;land;false;hills;1
957;91;125;222;land;true;hills;1
958;136;48;142;land;false;forest;1
959;248;245;157;land;true;plains;1
960;234;228;174;land;true;forest;1
961;229;171;33;land;true;forest;1
962;34;25;232;land;false;forest;1
963;48;193;191;land;false;mountain;1
964;231;176;70;land;false;forest;1
965;232;5;5;land;false;hills;1
966;134;198;192;land;false;hills;1
967;188;110;220;land;true;plains;1
968;231;127;43;land;true;hills;1
969;119;212;150;land;true;plains;1
970;157;124;213;land;false;forest;1
971;103;160;108;land;true;plains;1
972;156;39;189;land;false;forest;1
973;119;162;166;land;false;forest;1
974;205;163;151;land;false;forest;1
975;180;212;180;land;true;forest;1
976;177;112;53;land;true;forest;1
977;160;91;132;land;false;forest;1
978;185;241;202;land;true;forest;1
979;43;136;207;land;false;plains;1
980;43;106;43;land;false;plains;1
981;109;195;109;land;false;plains;1
982;210;205;68;land;false;plains;1
983;229;71;55;land;false;mountain;1
984;146;198;217;land;false;forest;1
985;142;201;142;land;false;mountain;1
986;222;47;96;land;true;plains;1
987;54;54;236;lake;false;lakes;1
988;34;34;210;lake;false;lakes;1
989;207;42;19;land;true;marsh;1
990;198;219;57;land;true;plains;1
991;127;186;98;land;true;plains;1
992;222;69;44;land;true;hills;1
993;201;191;169;land;true;hills;1
994;225;223;19;land;false;plains;1
995;74;217;74;land;false;plains;1
996;222;151;200;land;false;forest;1
997;44;184;44;land;true;plains;1
998;145;151;212;land;false;plains;1
999;113;153;0;land;false;plains;1
1000;225;223;21;land;false;plains;1
1001;225;223;23;land;false;plains;1
1002;225;223;25;land;false;plains;1
1003;225;223;27;land;false;plains;1
1004;225;223;29;land;false;plains;1
1005;237;230;38;land;false;plains;1
1006;224;220;117;land;false;plains;1
1007;208;202;39;land;false;plains;1
1008;231;224;22;land;false;plains;1
1009;220;144;23;land;true;plains;1
1010;150;213;76;land;false;hills;1
1011;220;78;202;land;true;forest;1
1012;54;157;76;land;false;forest;1
1013;195;207;97;land;false;plains;1
1014;135;142;79;land;false;plains;1
1015;222;203;239;land;false;plains;1
1016;106;34;172;land;false;mountain;1
1017;200;147;147;land;true;plains;1
1018;15;161;198;land;true;mountain;1
1019;81;63;217;land;false;hills;1
1020;16;119;24;land;false;plains;1
1021;144;225;232;lake;false;lakes;1
1022;255;0;0;land;false;mountain;1
1023;48;237;244;land;false;plains;1
1024;37;208;93;land;false;hills;1
1025;239;10;10;land;false;hills;1
1026;89;225;36;land;false;mountain;1
1027;203;127;53;land;false;forest;1
1028;35;224;48;land;false;forest;1
1029;239;225;69;land;false;forest;1
1030;170;114;128;land;false;plains;1
1031;69;133;239;land;false;plains;1
1032;152;182;201;land;false;plains;1
1033;34;217;219;land;false;plains;1
1034;215;30;112;land;false;plains;1
1035;141;220;172;land;false;plains;1
1036;153;30;210;land;false;plains;1
1037;46;39;195;land;false;forest;1
1038;83;167;188;land;false;forest;1
1039;15;241;244;land;false;forest;1
1040;222;17;17;land;false;forest;1
1041;215;103;103;land;false;plains;1
1042;44;152;95;land;true;plains;1
1043;9;169;133;land;true;plains;1
1044;201;146;58;land;false;plains;1
1045;79;181;81;land;false;forest;1
1046;166;50;94;land;false;plains;1
1047;31;227;36;land;false;plains;1
1048;171;13;54;land;false;plains;1
1049;213;56;56;land;true;plains;1
1050;214;231;24;land;true;desert;1
1051;209;227;59;land;false;plains;1
1052;91;196;33;land;false;plains;1
1053;255;14;59;land;false;plains;1
1054;53;76;176;land;false;desert;1
1055;48;167;51;land;false;hills;1
1056;116;62;183;land;false;plains;1
1057;99;32;200;land;false;desert;1
1058;231;78;10;land;false;hills;1
1059;13;94;109;land;false;plains;1
1060;213;197;16;land;false;plains;1
1061;134;177;141;land;false;desert;1
1062;69;25;75;land;false;desert;1
1063;118;176;123;land;false;desert;1
1064;135;155;105;land;false;plains;1
1065;67;121;108;land;false;hills;1
1066;105;195;57;land;false;hills;1
1067;94;189;108;land;false;hills;1
1068;159;73;73;land;false;desert;1
1069;124;60;86;land;false;hills;1
1070;51;172;108;land;true;mountain;1
1071;99;77;195;land;false;plains;1
1072;63;128;27;land;false;desert;1
1073;121;21;154;land;false;plains;1
1074;224;40;15;land;false;plains;1
1075;203;124;124;land;true;hills;1
1076;220;22;22;land;true;hills;1
1077;212;118;56;land;true;hills;1
1078;236;203;22;land;true;plains;1
1079;177;171;135;land;true;plains;1
1080;196;128;0;land;false;hills;1
1081;219;150;147;land;true;mountain;1
1082;231;51;43;land;true;mountain;1
1083;221;244;212;land;true;plains;1
1084;115;143;176;land;false;plains;1
1085;146;207;152;land;true;mountain;1
1086;207;182;116;land;false;forest;1
1087;161;114;192;land;true;plains;1
1088;155;153;90;land;true;plains;1
1089;229;133;39;land;true;mountain;1
1090;160;66;61;land;false;plains;1
1091;91;132;207;land;false;forest;1
1092;207;145;145;land;true;forest;1
1093;181;38;38;land;false;forest;1
1094;186;74;52;land;true;forest;1
1095;24;57;119;land;true;forest;1
1096;213;194;38;land;true;mountain;1
1097;220;189;139;land;true;mountain;1
1098;234;156;30;land;false;mountain;1
1099;206;210;106;land;true;plains;1
1100;153;88;207;land;true;marsh;1
1101;227;104;55;land;false;forest;1
1102;90;50;219;land;false;mountain;1
1103;212;131;52;land;false;forest;1
1104;154;146;0;land;false;mountain;1
1105;208;37;117;land;false;hills;1
1106;227;148;148;land;false;mountain;1
1107;192;6;69;land;false;plains;1
1108;77;251;233;land;false;forest;1
1109;152;90;7;land;false;plains;1
1110;176;178;68;land;false;plains;1
1111;84;110;247;land;false;plains;1
1112;113;193;204;land;false;plains;1
1113;148;138;245;land;false;mountain;1
1114;135;97;96;land;false;plains;1
1115;56;160;69;land;false;mountain;1
1116;200;147;231;land;false;plains;1
1117;100;226;85;land;false;plains;1
1118;171;8;15;land;false;plains;1
1119;181;39;199;land;false;forest;1
1120;125;175;248;land;false;plains;1
1121;2;159;164;land;false;forest;1
1122;70;186;107;land;false;mountain;1
1123;79;252;132;land;false;plains;1
1124;174;173;70;land;false;plains;1
1125;166;72;55;land;false;forest;1
1126;216;183;153;land;false;plains;1
1127;3;190;120;land;false;forest;1
1128;235;46;209;land;false;forest;1
1129;145;7;164;land;false;plains;1
1130;121;225;48;land;true;mountain;1
1131;155;170;197;land;false;desert;1
1132;242;90;38;land;true;plains;1
1133;7;115;1;land;true;desert;1
1134;217;244;86;land;true;plains;1
1135;73;146;227;land;false;plains;1
1136;130;85;172;land;false;hills;1
1137;43;46;167;land;false;hills;1
1138;146;111;28;land;true;plains;1
1139;183;26;10;land;true;forest;1
1140;184;42;69;land;true;plains;1
1141;240;89;1;land;false;desert;1
1142;155;55;22;land;false;forest;1
1143;0;63;140;land;true;plains;1
1144;118;241;78;land;true;plains;1
1145;1;230;30;land;true;hills;1
1146;182;33;133;land;true;desert;1
1147;7;121;35;land;true;desert;1
1148;6;134;126;land;true;desert;1
1149;227;16;124;land;true;plains;1
1150;105;24;165;land;false;hills;1
1151;81;109;203;land;false;plains;1
1152;173;82;127;land;false;plains;1
1153;198;135;133;land;false;plains;1
1154;166;137;175;land;true;plains;1
1155;206;176;200;land;true;plains;1
1156;246;14;225;land;true;plains;1
1157;7;69;250;land;true;plains;1
1158;67;137;150;land;true;plains;1
1159;87;176;175;land;true;plains;1
1160;127;14;200;land;true;plains;1
1161;167;69;225;land;true;plains;1
1162;247;176;150;land;true;plains;1
1163;172;194;112;land;false;hills;1
1164;195;118;123;land;false;hills;1
1165;243;42;7;land;true;hills;1
1166;22;120;77;land;false;forest;1
1167;223;0;153;land;true;plains;1
1168;164;48;47;land;true;hills;1
1169;137;22;12;land;true;plains;1
1170;135;128;17;land;true;hills;1
1171;68;83;143;land;false;hills;1
1172;190;143;135;land;false;forest;1
1173;213;232;183;land;false;plains;1
1174;203;245;164;land;true;hills;1
1175;94;32;199;land;true;marsh;1
1176;86;92;128;land;false;hills;1
1177;136;148;128;land;false;plains;1
1178;71;104;32;land;false;plains;1
1179;48;231;108;land;false;plains;1
1180;226;210;106;land;false;plains;1
1181;27;146;0;land;false;mountain;1
1182;185;110;79;land;false;forest;1
1183;139;150;128;land;false;plains;1
1184;135;130;221;land;false;hills;1
1185;223;230;73;land;false;forest;1
1186;184;22;22;land;false;forest;1
1187;8;175;128;land;false;plains;1
1188;161;116;28;land;false;plains;1
1189;29;123;204;land;false;plains;1
1190;192;98;255;land;false;plains;1
1191;33;178;172;land;false;plains;1
1192;63;106;212;land;false;plains;1
1193;28;140;117;land;false;plains;1
1194;182;22;144;land;false;plains;1
1195;14;8;38;land;false;plains;1
1196;11;159;77;land;false;plains;1
1197;23;128;70;land;false;plains;1
1198;111;248;124;land;true;plains;1
1199;24;248;124;land;false;plains;1
1200;50;217;66;land;false;plains;1
1201;216;236;203;land;true;plains;1
1202;144;222;92;land;true;plains;1
1203;239;33;241;land;false;plains;1
1204;77;22;255;land;true;plains;1
1205;255;193;247;land;true;plains;1
1206;172;68;159;land;true;plains;1
1207;110;243;21;land;true;marsh;1
1208;255;193;31;land;false;hills;1
1209;123;111;79;land;false;plains;1
1210;206;82;89;land;false;forest;1
1211;24;36;126;land;false;forest;1
1212;70;32;26;land;false;forest;1
1213;35;63;199;land;false;hills;1
1214;86;194;97;land;true;plains;1
1215;213;132;0;land;true;forest;1
1216;111;118;8;land;false;forest;1
1217;170;79;248;land;false;forest;1
1218;39;120;238;land;false;forest;1
1219;167;101;106;land;false;mountain;1
1220;162;186;147;land;false;forest;1
1221;232;189;231;land;true;plains;1
1222;144;219;143;land;true;hills;1
1223;177;229;130;land;true;mountain;1
1224;224;202;77;land;false;forest;1
1225;163;165;183;land;false;plains;1
1226;133;229;130;land;false;forest;1
1227;186;81;38;land;false;plains;1
1228;220;54;163;land;false;plains;1
1229;194;192;231;land;false;plains;1
1230;154;237;147;land;false;hills;1
1231;243;138;80;land;false;plains;1
1232;238;230;38;land;false;plains;1
1233;179;106;111;land;false;hills;1
1234;255;253;196;land;false;mountain;1
1235;138;136;91;land;false;forest;1
1236;253;135;143;land;false;forest;1
1237;253;215;143;land;false;forest;1
1238;125;215;143;land;false;mountain;1
1239;181;160;75;land;false;forest;1
1240;52;36;48;land;false;plains;1
1241;228;189;115;land;false;forest;1
1242;70;135;54;land;false;forest;1
1243;175;138;37;land;false;forest;1
1244;199;14;89;land;false;forest;1
1245;177;186;20;land;false;plains;1
1246;202;126;16;land;false;hills;1
1247;32;31;94;land;false;plains;1
1248;124;10;162;land;true;hills;1
1249;25;224;138;land;false;hills;1
1250;98;179;208;land;false;plains;1
1251;45;27;97;land;false;plains;1
1252;91;178;26;land;true;plains;1
1253;168;196;4;land;false;plains;1
1254;254;145;124;land;false;plains;1
1255;1;70;150;land;false;plains;1
1256;11;80;175;land;false;plains;1
1257;21;90;200;land;false;plains;1
1258;31;100;225;land;false;plains;1
1259;41;110;150;land;false;plains;1
1260;51;70;175;land;false;plains;1
1261;61;80;200;land;false;plains;1
1262;71;90;225;land;false;plains;1
1263;81;100;150;land;false;plains;1
1264;91;110;175;land;false;plains;1
1265;101;70;200;land;false;plains;1
1266;111;80;225;land;false;plains;1
1267;2;110;150;land;false;plains;1
1268;12;70;175;land;false;plains;1
1269;22;80;200;land;false;plains;1
1270;32;90;225;land;true;plains;1
1271;42;100;150;land;false;plains;1
1272;52;110;175;land;false;plains;1
1273;62;70;200;land;false;plains;1
1274;72;80;225;land;false;plains;1
1275;82;90;150;land;false;plains;1
1276;92;100;175;land;false;plains;1
1277;201;70;150;land;false;plains;1
1278;182;70;150;land;false;plains;1
1279;200;10;1;land;false;plains;1
1280;200;40;41;land;false;plains;1
1281;200;70;81;land;false;plains;1
1282;200;100;121;land;false;plains;1
1283;200;20;161;land;false;plains;1
1284;200;50;11;land;false;plains;1
1285;200;80;51;land;false;plains;1
1286;200;60;131;land;false;plains;1
1287;200;90;171;land;false;plains;1
1288;178;125;233;land;false;plains;1
1289;168;123;53;land;false;plains;1
1290;128;59;209;land;false;plains;1
1291;197;100;147;land;false;plains;1
1292;233;239;88;land;false;plains;1
1293;244;138;170;land;false;plains;1
1294;91;132;72;land;false;plains;1
1295;17;6;166;land;false;plains;1
1296;187;87;159;land;false;plains;1
1297;109;207;217;land;false;plains;1
1298;92;17;198;land;false;plains;1
1299;192;63;101;land;false;plains;1
1300;45;24;67;land;false;plains;1
1301;61;226;32;land;false;plains;1
1302;9;71;249;land;false;plains;1
1303;6;35;48;land;false;plains;1
1304;52;242;85;land;false;plains;1
1305;112;185;18;land;false;plains;1
1306;94;97;244;land;false;plains;1
1307;215;220;8;land;false;plains;1
1308;2;113;48;land;false;plains;1
1309;2;195;196;land;false;plains;1
1310;114;130;1;land;false;plains;1
1311;233;69;123;land;true;plains;1
1312;3;100;229;land;true;plains;1
1313;189;205;133;land;true;plains;1
1314;241;130;8;land;true;plains;1
1315;100;2;61;land;true;plains;1
1316;136;161;24;land;true;plains;1
1317;69;41;249;land;true;plains;1
1318;145;139;91;land;true;plains;1
1319;89;236;241;land;true;plains;1
1320;30;245;229;land;true;plains;1
1321;120;200;73;land;true;plains;1
1322;16;215;76;land;true;plains;1
1323;81;142;13;land;true;plains;1
1324;56;135;36;land;false;plains;1
1325;15;168;70;land;false;plains;1
1326;93;60;164;land;true;plains;1
1327;161;50;115;land;true;plains;1
1328;140;193;66;land;true;plains;1
1329;95;49;217;land;true;plains;1
1330;43;36;226;land;true;plains;1
1331;29;203;33;land;false;plains;1
1332;122;50;105;land;false;plains;1
1333;91;238;106;sea;false;ocean;1
1334;0;32;56;sea;false;ocean;1
1335;119;125;164;sea;false;ocean;1
1336;83;252;58;sea;false;ocean;1
1337;144;25;235;sea;false;ocean;1
1338;42;223;201;sea;false;ocean;1
1339;249;164;21;sea;false;ocean;1
1340;175;9;244;sea;false;ocean;1
1341;216;185;165;sea;false;ocean;1
1342;29;125;193;sea;false;ocean;1
1343;40;250;107;sea;false;ocean;1
1344;190;135;62;sea;false;ocean;1
1345;122;200;178;sea;false;ocean;1
1346;111;77;207;sea;false;ocean;1
1347;15;72;93;sea;false;ocean;1
1348;163;28;86;sea;false;ocean;1
1349;78;223;35;land;false;plains;1
1350;18;229;76;land;false;plains;1
1351;85;55;143;land;true;plains;1
1352;124;123;203;land;true;plains;1
1353;248;185;42;sea;false;ocean;1
1354;97;208;166;sea;false;ocean;1
1355;152;48;112;sea;false;ocean;1
1356;34;161;59;land;true;marsh;1
1357;53;126;89;land;true;marsh;1
1358;34;50;207;land;true;marsh;1
1359;201;54;5;sea;false;ocean;1
1360;180;8;11;sea;false;ocean;1
1361;77;195;248;sea;false;ocean;1
1362;213;7;161;sea;false;ocean;1
1363;183;33;28;sea;false;ocean;1
1364;160;124;113;sea;false;ocean;1
1365;26;187;145;land;false;plains;1
1366;232;173;91;land;false;plains;1
1367;19;170;83;land;false;plains;1
1368;221;254;116;sea;false;ocean;1
1369;112;9;59;sea;false;ocean;1
1370;44;157;55;sea;false;ocean;1
1371;171;161;157;sea;false;ocean;1
1372;129;118;55;sea;false;ocean;1
1373;100;50;191;sea;false;ocean;1
1374;49;127;252;land;false;plains;1
1375;236;94;72;sea;false;ocean;1
1376;56;52;130;sea;false;ocean;1
1377;172;201;91;sea;false;ocean;1
1378;34;252;39;sea;false;ocean;1
1379;248;186;16;sea;false;ocean;1
1380;118;205;84;sea;false;ocean;1
1381;237;3;179;sea;false;ocean;1
1382;236;137;40;sea;false;ocean;1
1383;212;154;97;sea;false;ocean;1
1384;162;137;144;sea;false;ocean;1
1385;253;254;250;sea;false;ocean;1
1386;4;245;153;sea;false;ocean;1
1387;192;213;35;sea;false;ocean;1
1388;231;234;104;sea;false;ocean;1
1389;212;215;122;sea;false;ocean;1
1390;186;91;52;sea;false;ocean;1
1391;97;226;145;sea;false;ocean;1
1392;124;25;13;sea;false;ocean;1
1393;225;72;235;sea;false;ocean;1
1394;26;69;247;sea;false;ocean;1
1395;108;168;122;land;false;plains;1
1396;40;90;217;sea;false;ocean;1
1397;69;43;126;sea;false;ocean;1
1398;244;60;229;land;true;marsh;1
1399;216;211;69;land;true;marsh;1
1400;94;124;137;sea;false;ocean;1
1401;15;12;122;sea;false;ocean;1
1402;206;193;253;land;false;plains;1
1403;194;220;10;land;false;plains;1
1404;170;18;43;land;false;plains;1
1405;162;66;31;sea;false;ocean;1
1406;123;45;87;sea;false;ocean;1
1407;222;250;146;sea;false;ocean;1
1408;134;214;103;sea;false;ocean;1
1409;183;236;181;sea;false;ocean;1
1410;224;190;55;sea;false;ocean;1
1411;244;203;139;sea;false;ocean;1
1412;81;37;170;sea;false;ocean;1
1413;211;255;117;sea;false;ocean;1
1414;5;29;193;sea;false;ocean;1
1415;5;193;199;sea;false;ocean;1
1416;245;34;1;land;false;plains;1
1417;66;141;56;sea;false;ocean;1
1418;49;179;29;sea;false;ocean;1
1419;34;92;169;sea;false;ocean;1
1420;73;141;11;sea;false;ocean;1
1421;152;109;111;sea;false;ocean;1
1422;77;159;51;sea;false;ocean;1
1423;210;230;124;sea;false;ocean;1
1424;238;71;130;sea;false;ocean;1
1425;219;226;247;sea;false;ocean;1
1426;4;18;193;sea;false;ocean;1
1427;21;185;201;sea;false;ocean;1
1428;240;104;232;sea;false;ocean;1
1429;141;11;115;sea;false;ocean;1
1430;254;32;117;land;false;plains;1
1431;192;179;183;sea;false;ocean;1
1432;51;149;72;sea;false;ocean;1
1433;47;199;46;sea;false;ocean;1
1434;2;7;209;sea;false;ocean;1
1435;192;176;159;sea;false;ocean;1
1436;75;44;121;sea;false;ocean;1
1437;17;8;244;sea;false;ocean;1
1438;45;159;189;sea;false;ocean;1
1439;178;118;180;sea;false;ocean;1
1440;126;215;53;sea;false;ocean;1
1441;169;127;21;sea;false;ocean;1
1442;234;139;3;sea;false;ocean;1
1443;114;7;28;sea;false;ocean;1
1444;101;140;63;land;false;plains;1
1445;123;90;189;sea;false;ocean;1
1446;205;4;107;sea;false;ocean;1
1447;57;150;106;sea;false;ocean;1
1448;128;117;88;sea;false;ocean;1
1449;98;3;41;sea;false;ocean;1
1450;170;155;120;sea;false;ocean;1
1451;144;114;74;sea;false;ocean;1
1452;104;134;227;sea;false;ocean;1
1453;151;0;150;sea;false;ocean;1
1454;54;129;224;sea;false;ocean;1
1455;27;231;60;sea;false;ocean;1
1456;22;220;149;sea;false;ocean;1
1457;112;221;168;sea;false;ocean;1
1458;144;62;246;sea;false;ocean;1
1459;218;101;206;sea;false;ocean;1
1460;211;103;65;sea;false;ocean;1
1461;201;156;75;sea;false;ocean;1
1462;125;3;230;sea;false;ocean;1
1463;157;187;79;sea;false;ocean;1
1464;43;251;47;sea;false;ocean;1
1465;109;132;181;sea;false;ocean;1
1466;24;89;101;sea;false;ocean;1
1467;0;196;37;sea;false;ocean;1
1468;3;110;174;sea;false;ocean;1
1469;50;114;55;sea;false;ocean;1
1470;232;227;234;sea;false;ocean;1
1471;193;213;151;land;false;plains;1
1472;38;186;98;sea;false;ocean;1
1473;192;237;248;sea;false;ocean;1
1474;253;171;95;sea;false;ocean;1
1475;191;71;19;sea;false;ocean;1
1476;237;56;12;sea;false;ocean;1
1477;123;32;206;sea;false;ocean;1
1478;222;22;77;sea;false;ocean;1
1479;58;75;108;sea;false;ocean;1
1480;34;137;249;sea;false;ocean;1
1481;65;203;121;sea;false;ocean;1
1482;48;12;53;sea;false;ocean;1
1483;155;82;151;sea;false;ocean;1
1484;75;247;66;sea;false;ocean;1
1485;151;188;215;sea;false;ocean;1
1486;107;254;113;sea;false;ocean;1
1487;158;91;161;sea;false;ocean;1
1488;6;117;185;sea;false;ocean;1
1489;38;139;160;sea;false;ocean;1
1490;168;153;117;sea;false;ocean;1
1491;184;24;107;sea;false;ocean;1
1492;233;209;15;sea;false;ocean;1
1493;250;114;121;sea;false;ocean;1
1494;37;130;237;sea;false;ocean;1
1495;23;55;70;sea;false;ocean;1
1496;245;68;81;sea;false;ocean;1
1497;194;5;207;land;true;plains;1
1498;171;136;236;sea;false;ocean;1
1499;208;114;14;sea;false;ocean;1
1500;49;253;63;sea;false;ocean;1
1501;79;114;55;sea;false;ocean;1
1502;181;210;56;sea;false;ocean;1
1503;204;59;156;sea;false;ocean;1
1504;234;49;125;sea;false;ocean;1
1505;151;81;172;sea;false;ocean;1
1506;112;178;245;sea;false;ocean;1
1507;108;56;74;sea;false;ocean;1
1508;103;122;84;sea;false;ocean;1
1509;67;18;94;sea;false;ocean;1
1510;236;212;107;sea;false;ocean;1
1511;85;210;92;sea;false;ocean;1
1512;232;96;59;sea;false;ocean;1
1513;206;32;78;land;true;plains;1
1514;49;226;124;sea;false;ocean;1
1515;33;51;173;sea;false;ocean;1
1516;86;176;135;sea;false;ocean;1
1517;201;41;214;sea;false;ocean;1
1518;161;78;190;sea;false;ocean;1
1519;210;54;82;sea;false;ocean;1
1520;153;50;150;sea;false;ocean;1
1521;236;195;35;sea;false;ocean;1
1522;89;233;198;sea;false;ocean;1
1523;153;62;172;sea;false;ocean;1
1524;99;210;65;sea;false;ocean;1
1525;253;76;210;sea;false;ocean;1
1526;107;98;64;sea;false;ocean;1
1527;204;209;159;sea;false;ocean;1
1528;15;196;84;sea;false;ocean;1
1529;36;157;248;sea;false;ocean;1
1530;40;192;91;sea;false;ocean;1
1531;16;227;29;sea;false;ocean;1
1532;147;205;97;sea;false;ocean;1
1533;204;166;111;sea;false;ocean;1
1534;228;55;227;sea;false;ocean;1
1535;174;245;55;sea;false;ocean;1
1536;160;213;150;sea;false;ocean;1
1537;211;104;176;land;false;plains;1
1538;88;39;217;sea;false;ocean;1
1539;214;62;135;sea;false;ocean;1
1540;197;26;143;sea;false;ocean;1
1541;226;182;144;sea;false;ocean;1
1542;65;138;250;sea;false;ocean;1
1543;52;118;73;land;false;plains;1
1544;56;219;172;land;true;plains;1
1545;107;74;204;sea;false;ocean;1
1546;0;191;41;sea;false;ocean;1
1547;79;214;111;land;false;plains;1
1548;102;36;147;land;false;plains;1
1549;206;109;122;sea;false;ocean;1
1550;54;12;170;sea;false;ocean;1
1551;172;133;50;sea;false;ocean;1
1552;182;212;74;land;false;plains;1
1553;255;82;222;sea;false;ocean;1
1554;96;55;90;land;false;plains;1
1555;21;33;165;land;false;plains;1
1556;160;211;34;land;false;plains;1
1557;186;10;203;land;false;plains;1
1558;214;218;77;land;false;plains;1
1559;239;194;170;land;false;plains;1
1560;23;96;119;land;false;plains;1
1561;2;102;212;land;false;plains;1
1562;200;84;97;sea;false;ocean;1
1563;170;151;50;sea;false;ocean;1
1564;191;150;22;sea;false;ocean;1
